[
  {
    "id": "a9c7aeca-6bf7-4d28-9933-8b9ac36f0504",
    "data": [
      {
        "text": "g note",
        "userDefined": false
      }
    ],
    "isTemplate": false,
    "count": 0,
    "lang": "en",
    "updated": 0
  },
  {
    "id": "48b74cd0-638f-48ad-9769-e003d660a8da",
    "data": [
      {
        "text": "when i was a young boy",
        "userDefined": false
      }
    ],
    "isTemplate": false,
    "count": 0,
    "lang": "en",
    "updated": 0
  },
  {
    "id": "5a083113-012b-4e79-af34-e0ecff2f81b5",
    "data": [
      {
        "text": "when i was",
        "userDefined": false
      }
    ],
    "isTemplate": false,
    "count": 0,
    "lang": "en",
    "updated": 0
  }
]