[
  {
    "id": "ef667ef0-77af-4bf4-9eb9-3d795c7f230d",
    "data": [
      {
        "text": "video",
        "userDefined": false
      }
    ],
    "isTemplate": false,
    "count": 0,
    "lang": "en",
    "updated": 0
  },
  {
    "id": "0b84af05-da1e-4a2e-b4ac-066489c7e372",
    "data": [
      {
        "text": "links",
        "userDefined": false
      }
    ],
    "isTemplate": false,
    "count": 0,
    "lang": "en",
    "updated": 0
  },
  {
    "id": "d71616da-b2df-4e7c-897c-0351b9a7c8bc",
    "data": [
      {
        "text": "link",
        "userDefined": false
      }
    ],
    "isTemplate": false,
    "count": 0,
    "lang": "en",
    "updated": 0
  },
  {
    "id": "08d06333-2005-48f8-9e6f-06538e56855f",
    "data": [
      {
        "text": "send me the link",
        "userDefined": false
      }
    ],
    "isTemplate": false,
    "count": 0,
    "lang": "en",
    "updated": 0
  },
  {
    "id": "1a4e69f5-ec38-4701-90f5-d0c89e691a5f",
    "data": [
      {
        "text": "send me that",
        "userDefined": false
      }
    ],
    "isTemplate": false,
    "count": 0,
    "lang": "en",
    "updated": 0
  },
  {
    "id": "91e828c2-ebba-4df8-9b5c-a104523ac7f4",
    "data": [
      {
        "text": "send me",
        "userDefined": false
      }
    ],
    "isTemplate": false,
    "count": 0,
    "lang": "en",
    "updated": 0
  }
]